{"initial_reset_timestamp": 1589793173.6992702, "timestamps": [1589793175.3149152], "episode_lengths": [200], "episode_rewards": [200.0], "episode_types": ["t"]}