{"initial_reset_timestamp": 1589793162.7566679, "timestamps": [1589793164.5470996], "episode_lengths": [200], "episode_rewards": [200.0], "episode_types": ["t"]}