{"initial_reset_timestamp": 1591618830.3421805, "timestamps": [1591618831.3417752], "episode_lengths": [43], "episode_rewards": [43.0], "episode_types": ["t"]}