{"initial_reset_timestamp": 1590922603.894817, "timestamps": [1590922608.653013], "episode_lengths": [200], "episode_rewards": [200.0], "episode_types": ["t"]}