{"initial_reset_timestamp": 1591618663.3660607, "timestamps": [1591618666.43612], "episode_lengths": [65], "episode_rewards": [65.0], "episode_types": ["t"]}