{"initial_reset_timestamp": 1591618686.100325, "timestamps": [1591618690.3802357], "episode_lengths": [200], "episode_rewards": [200.0], "episode_types": ["t"]}