{"initial_reset_timestamp": 1590922371.6243129, "timestamps": [1590922374.1547627], "episode_lengths": [93], "episode_rewards": [-92.0], "episode_types": ["t"]}