{"initial_reset_timestamp": 1589824732.2293153, "timestamps": [1589824738.1699805], "episode_lengths": [554], "episode_rewards": [165.51759416936454], "episode_types": ["t"]}