{"initial_reset_timestamp": 1591624970.26856, "timestamps": [1591624978.389497], "episode_lengths": [234], "episode_rewards": [260.0638664088048], "episode_types": ["t"]}