{"initial_reset_timestamp": 1590922287.0014215, "timestamps": [1590922295.3625226], "episode_lengths": [449], "episode_rewards": [262.1539185473988], "episode_types": ["t"]}