{"initial_reset_timestamp": 1591618268.2300603, "timestamps": [1591618268.6963563], "episode_lengths": [16], "episode_rewards": [16.0], "episode_types": ["t"]}