{"initial_reset_timestamp": 1591352880.355982, "timestamps": [1591352891.5655105], "episode_lengths": [604], "episode_rewards": [229.72642412481107], "episode_types": ["t"]}