{"initial_reset_timestamp": 1591617165.6987753, "timestamps": [1591617179.390015], "episode_lengths": [200], "episode_rewards": [200.0], "episode_types": ["t"]}