{"initial_reset_timestamp": 1589793224.5702603, "timestamps": [1589793225.392249], "episode_lengths": [84], "episode_rewards": [-83.0], "episode_types": ["t"]}