{"initial_reset_timestamp": 1589824698.0632308, "timestamps": [1589824708.200354], "episode_lengths": [1000], "episode_rewards": [175.63431083090904], "episode_types": ["t"]}