{"initial_reset_timestamp": 1590922396.915956, "timestamps": [1590922400.3254426], "episode_lengths": [121], "episode_rewards": [-120.0], "episode_types": ["t"]}