{"initial_reset_timestamp": 1589793170.4610252, "timestamps": [1589793172.0175233], "episode_lengths": [200], "episode_rewards": [200.0], "episode_types": ["t"]}