{"initial_reset_timestamp": 1589824681.7406046, "timestamps": [1589824691.6761844], "episode_lengths": [1000], "episode_rewards": [96.2993298822395], "episode_types": ["t"]}