{"initial_reset_timestamp": 1589793228.151927, "timestamps": [1589793229.0757043], "episode_lengths": [90], "episode_rewards": [-89.0], "episode_types": ["t"]}