{"initial_reset_timestamp": 1591623955.046304, "timestamps": [1591623959.8790169], "episode_lengths": [176], "episode_rewards": [-175.0], "episode_types": ["t"]}