{"initial_reset_timestamp": 1591624978.6935394, "timestamps": [1591624985.0655422], "episode_lengths": [231], "episode_rewards": [267.14378578170135], "episode_types": ["t"]}