{"initial_reset_timestamp": 1590922376.683432, "timestamps": [1590922378.7644444], "episode_lengths": [75], "episode_rewards": [-74.0], "episode_types": ["t"]}