{"initial_reset_timestamp": 1591618825.9561691, "timestamps": [1591618830.2081447], "episode_lengths": [180], "episode_rewards": [180.0], "episode_types": ["t"]}