{"initial_reset_timestamp": 1589793168.8964543, "timestamps": [1589793170.4032533], "episode_lengths": [200], "episode_rewards": [200.0], "episode_types": ["t"]}