{"initial_reset_timestamp": 1591352861.766276, "timestamps": [1591352870.805398], "episode_lengths": [479], "episode_rewards": [290.7310325809541], "episode_types": ["t"]}