{"initial_reset_timestamp": 1590922374.3971186, "timestamps": [1590922376.4981987], "episode_lengths": [70], "episode_rewards": [-69.0], "episode_types": ["t"]}