{"initial_reset_timestamp": 1591625173.4215794, "timestamps": [1591625187.2178924], "episode_lengths": [546], "episode_rewards": [188.91173017128682], "episode_types": ["t"]}