{"initial_reset_timestamp": 1590922408.9157474, "timestamps": [1590922410.933596], "episode_lengths": [75], "episode_rewards": [-74.0], "episode_types": ["t"]}