{"initial_reset_timestamp": 1591623488.3920448, "timestamps": [1591623490.4502304], "episode_lengths": [85], "episode_rewards": [-84.0], "episode_types": ["t"]}