{"initial_reset_timestamp": 1591623926.583075, "timestamps": [1591623928.8914416], "episode_lengths": [108], "episode_rewards": [-107.0], "episode_types": ["t"]}