{"initial_reset_timestamp": 1591352871.0807567, "timestamps": [1591352879.2794833], "episode_lengths": [419], "episode_rewards": [250.21223148071255], "episode_types": ["t"]}