{"initial_reset_timestamp": 1590922445.9799411, "timestamps": [1590922448.2280478], "episode_lengths": [84], "episode_rewards": [-83.0], "episode_types": ["t"]}