{"initial_reset_timestamp": 1591623483.9039214, "timestamps": [1591623488.1098335], "episode_lengths": [164], "episode_rewards": [-163.0], "episode_types": ["t"]}