{"initial_reset_timestamp": 1591624943.5289147, "timestamps": [1591624947.3357108], "episode_lengths": [85], "episode_rewards": [-172.87124845634003], "episode_types": ["t"]}