{"initial_reset_timestamp": 1589793180.3738453, "timestamps": [1589793182.0165207], "episode_lengths": [200], "episode_rewards": [200.0], "episode_types": ["t"]}