{"initial_reset_timestamp": 1591624664.75621, "timestamps": [1591624669.3620226], "episode_lengths": [101], "episode_rewards": [-266.15088072871447], "episode_types": ["t"]}