{"initial_reset_timestamp": 1591624200.6133144, "timestamps": [1591624203.5564091], "episode_lengths": [72], "episode_rewards": [-71.0], "episode_types": ["t"]}