{"initial_reset_timestamp": 1591618856.103827, "timestamps": [1591618860.328068], "episode_lengths": [200], "episode_rewards": [200.0], "episode_types": ["t"]}