{"initial_reset_timestamp": 1589793167.727299, "timestamps": [1589793168.8463485], "episode_lengths": [148], "episode_rewards": [148.0], "episode_types": ["t"]}