{"initial_reset_timestamp": 1590922281.5092645, "timestamps": [1590922286.8375108], "episode_lengths": [290], "episode_rewards": [256.155371540107], "episode_types": ["t"]}