{"initial_reset_timestamp": 1590921866.0032694, "timestamps": [1590921883.753428], "episode_lengths": [1000], "episode_rewards": [-34.38553062485347], "episode_types": ["t"]}