{"initial_reset_timestamp": 1590922485.0620964, "timestamps": [1590922487.523604], "episode_lengths": [98], "episode_rewards": [-97.0], "episode_types": ["t"]}