{"initial_reset_timestamp": 1591440412.8511195, "timestamps": [1591440434.4863703], "episode_lengths": [1000], "episode_rewards": [130.58092399668163], "episode_types": ["t"]}