{"initial_reset_timestamp": 1590922561.5820186, "timestamps": [1590922565.1955175], "episode_lengths": [200], "episode_rewards": [200.0], "episode_types": ["t"]}