{"initial_reset_timestamp": 1589975334.294606, "timestamps": [1589975338.1163778], "episode_lengths": [200], "episode_rewards": [200.0], "episode_types": ["t"]}