{"initial_reset_timestamp": 1591618851.573993, "timestamps": [1591618855.9499388], "episode_lengths": [200], "episode_rewards": [200.0], "episode_types": ["t"]}