{"initial_reset_timestamp": 1590922623.209899, "timestamps": [1590922626.901332], "episode_lengths": [200], "episode_rewards": [200.0], "episode_types": ["t"]}