{"initial_reset_timestamp": 1591618802.2609346, "timestamps": [1591618806.7502208], "episode_lengths": [200], "episode_rewards": [200.0], "episode_types": ["t"]}