{"initial_reset_timestamp": 1590922618.7553449, "timestamps": [1590922622.9060345], "episode_lengths": [200], "episode_rewards": [200.0], "episode_types": ["t"]}