{"initial_reset_timestamp": 1590922477.296996, "timestamps": [1590922480.6455863], "episode_lengths": [108], "episode_rewards": [-107.0], "episode_types": ["t"]}