{"initial_reset_timestamp": 1589975329.7653193, "timestamps": [1589975334.2058446], "episode_lengths": [200], "episode_rewards": [200.0], "episode_types": ["t"]}