{"initial_reset_timestamp": 1589793230.6091342, "timestamps": [1589793231.2965581], "episode_lengths": [79], "episode_rewards": [-78.0], "episode_types": ["t"]}