{"initial_reset_timestamp": 1589793166.1888828, "timestamps": [1589793167.6847432], "episode_lengths": [200], "episode_rewards": [200.0], "episode_types": ["t"]}