{"initial_reset_timestamp": 1589824738.260366, "timestamps": [1589824740.9834921], "episode_lengths": [249], "episode_rewards": [-26.862466192070343], "episode_types": ["t"]}