{"initial_reset_timestamp": 1591623454.8115878, "timestamps": [1591623460.6369991], "episode_lengths": [260], "episode_rewards": [-259.0], "episode_types": ["t"]}