{"initial_reset_timestamp": 1589793231.3674862, "timestamps": [1589793232.053211], "episode_lengths": [79], "episode_rewards": [-78.0], "episode_types": ["t"]}