{"initial_reset_timestamp": 1591440434.7187304, "timestamps": [1591440455.7286837], "episode_lengths": [1000], "episode_rewards": [116.5135918060092], "episode_types": ["t"]}