{"initial_reset_timestamp": 1589793177.0310175, "timestamps": [1589793178.6693377], "episode_lengths": [200], "episode_rewards": [200.0], "episode_types": ["t"]}