{"initial_reset_timestamp": 1591617179.9410763, "timestamps": [1591617185.5506248], "episode_lengths": [167], "episode_rewards": [167.0], "episode_types": ["t"]}