{"initial_reset_timestamp": 1591623943.5675268, "timestamps": [1591623954.7860017], "episode_lengths": [500], "episode_rewards": [-500.0], "episode_types": ["t"]}