{"initial_reset_timestamp": 1590922448.39746, "timestamps": [1590922450.725682], "episode_lengths": [123], "episode_rewards": [-122.0], "episode_types": ["t"]}