{"initial_reset_timestamp": 1590922438.6989517, "timestamps": [1590922441.5504823], "episode_lengths": [84], "episode_rewards": [-83.0], "episode_types": ["t"]}