{"initial_reset_timestamp": 1589793226.528617, "timestamps": [1589793227.2811193], "episode_lengths": [74], "episode_rewards": [-73.0], "episode_types": ["t"]}