{"initial_reset_timestamp": 1591618056.273169, "timestamps": [1591618058.4873579], "episode_lengths": [121], "episode_rewards": [121.0], "episode_types": ["t"]}