{"initial_reset_timestamp": 1590922487.688971, "timestamps": [1590922489.5536005], "episode_lengths": [92], "episode_rewards": [-91.0], "episode_types": ["t"]}