{"initial_reset_timestamp": 1591624227.7369647, "timestamps": [1591624238.6243942], "episode_lengths": [500], "episode_rewards": [-500.0], "episode_types": ["t"]}