{"initial_reset_timestamp": 1590922480.8360794, "timestamps": [1590922482.9940267], "episode_lengths": [109], "episode_rewards": [-108.0], "episode_types": ["t"]}