{"initial_reset_timestamp": 1590922420.5268166, "timestamps": [1590922422.8699918], "episode_lengths": [94], "episode_rewards": [-93.0], "episode_types": ["t"]}