{"initial_reset_timestamp": 1589793225.4691746, "timestamps": [1589793226.442142], "episode_lengths": [104], "episode_rewards": [-103.0], "episode_types": ["t"]}