{"initial_reset_timestamp": 1589793172.0671046, "timestamps": [1589793173.6487355], "episode_lengths": [200], "episode_rewards": [200.0], "episode_types": ["t"]}