{"initial_reset_timestamp": 1591618052.609927, "timestamps": [1591618056.1062298], "episode_lengths": [130], "episode_rewards": [130.0], "episode_types": ["t"]}