{"initial_reset_timestamp": 1591440390.6264477, "timestamps": [1591440412.5549111], "episode_lengths": [1000], "episode_rewards": [138.02224843696146], "episode_types": ["t"]}