{"initial_reset_timestamp": 1589793227.3591132, "timestamps": [1589793228.0634573], "episode_lengths": [73], "episode_rewards": [-72.0], "episode_types": ["t"]}