{"initial_reset_timestamp": 1590922305.4630392, "timestamps": [1590922308.499834], "episode_lengths": [128], "episode_rewards": [1.7883257771338918], "episode_types": ["t"]}