{"initial_reset_timestamp": 1591624947.575613, "timestamps": [1591624951.6651523], "episode_lengths": [136], "episode_rewards": [-83.06341509849449], "episode_types": ["t"]}