{"initial_reset_timestamp": 1591618681.4832308, "timestamps": [1591618685.968409], "episode_lengths": [200], "episode_rewards": [200.0], "episode_types": ["t"]}