{"initial_reset_timestamp": 1591618666.5497172, "timestamps": [1591618667.2703915], "episode_lengths": [26], "episode_rewards": [26.0], "episode_types": ["t"]}