{"initial_reset_timestamp": 1589824708.2681177, "timestamps": [1589824718.5731173], "episode_lengths": [981], "episode_rewards": [201.04366548061137], "episode_types": ["t"]}