{"initial_reset_timestamp": 1591625149.170474, "timestamps": [1591625151.9854689], "episode_lengths": [63], "episode_rewards": [-108.58854271594333], "episode_types": ["t"]}