{"initial_reset_timestamp": 1591624687.137559, "timestamps": [1591624697.3491402], "episode_lengths": [436], "episode_rewards": [219.29788836919693], "episode_types": ["t"]}