{"initial_reset_timestamp": 1590922296.4852781, "timestamps": [1590922301.0563703], "episode_lengths": [178], "episode_rewards": [12.685117857860774], "episode_types": ["t"]}