{"initial_reset_timestamp": 1590922366.6639228, "timestamps": [1590922371.4709399], "episode_lengths": [82], "episode_rewards": [-81.0], "episode_types": ["t"]}