{"initial_reset_timestamp": 1591617189.8628685, "timestamps": [1591617194.0752416], "episode_lengths": [200], "episode_rewards": [200.0], "episode_types": ["t"]}