{"initial_reset_timestamp": 1590922572.5330381, "timestamps": [1590922574.8704653], "episode_lengths": [125], "episode_rewards": [125.0], "episode_types": ["t"]}