{"initial_reset_timestamp": 1591623449.020041, "timestamps": [1591623454.6096475], "episode_lengths": [192], "episode_rewards": [-191.0], "episode_types": ["t"]}