{"initial_reset_timestamp": 1591624175.1627035, "timestamps": [1591624178.0474043], "episode_lengths": [74], "episode_rewards": [-73.0], "episode_types": ["t"]}