{"initial_reset_timestamp": 1589793219.6558325, "timestamps": [1589793220.8287518], "episode_lengths": [87], "episode_rewards": [-86.0], "episode_types": ["t"]}