{"initial_reset_timestamp": 1589824674.4651408, "timestamps": [1589824681.6121373], "episode_lengths": [240], "episode_rewards": [237.86770280136847], "episode_types": ["t"]}