{"initial_reset_timestamp": 1589793229.1596262, "timestamps": [1589793230.534032], "episode_lengths": [155], "episode_rewards": [-154.0], "episode_types": ["t"]}