{"initial_reset_timestamp": 1591624238.8754802, "timestamps": [1591624249.5092914], "episode_lengths": [500], "episode_rewards": [-500.0], "episode_types": ["t"]}