{"initial_reset_timestamp": 1590921884.2551737, "timestamps": [1590921902.0664074], "episode_lengths": [1000], "episode_rewards": [54.337890576513374], "episode_types": ["t"]}