{"initial_reset_timestamp": 1591625152.1839461, "timestamps": [1591625155.7803843], "episode_lengths": [140], "episode_rewards": [-385.46601273118074], "episode_types": ["t"]}