{"initial_reset_timestamp": 1589824691.7832282, "timestamps": [1589824694.8742733], "episode_lengths": [263], "episode_rewards": [220.24266468308687], "episode_types": ["t"]}