{"initial_reset_timestamp": 1591618263.6716914, "timestamps": [1591618268.113318], "episode_lengths": [200], "episode_rewards": [200.0], "episode_types": ["t"]}