{"initial_reset_timestamp": 1589824718.7020001, "timestamps": [1589824729.1026454], "episode_lengths": [1000], "episode_rewards": [159.83071258749564], "episode_types": ["t"]}