{"initial_reset_timestamp": 1589793175.3669007, "timestamps": [1589793176.9807158], "episode_lengths": [200], "episode_rewards": [200.0], "episode_types": ["t"]}