{"initial_reset_timestamp": 1591352839.7653613, "timestamps": [1591352860.3808134], "episode_lengths": [94], "episode_rewards": [18.294816627479207], "episode_types": ["t"]}