{"initial_reset_timestamp": 1591440367.9930012, "timestamps": [1591440390.2763786], "episode_lengths": [1000], "episode_rewards": [33.19588532059392], "episode_types": ["t"]}