{"initial_reset_timestamp": 1591617185.812922, "timestamps": [1591617189.712225], "episode_lengths": [200], "episode_rewards": [200.0], "episode_types": ["t"]}