{"initial_reset_timestamp": 1591623923.2939136, "timestamps": [1591623926.3437173], "episode_lengths": [82], "episode_rewards": [-81.0], "episode_types": ["t"]}