{"initial_reset_timestamp": 1589824729.165012, "timestamps": [1589824732.0517008], "episode_lengths": [257], "episode_rewards": [221.69720326788467], "episode_types": ["t"]}