{"initial_reset_timestamp": 1589975338.2510052, "timestamps": [1589975342.7481763], "episode_lengths": [200], "episode_rewards": [200.0], "episode_types": ["t"]}