{"initial_reset_timestamp": 1589793178.7214265, "timestamps": [1589793180.3208985], "episode_lengths": [200], "episode_rewards": [200.0], "episode_types": ["t"]}