{"initial_reset_timestamp": 1589975342.8538942, "timestamps": [1589975346.5256884], "episode_lengths": [200], "episode_rewards": [200.0], "episode_types": ["t"]}