{"initial_reset_timestamp": 1589824742.8956215, "timestamps": [1589824745.0457454], "episode_lengths": [200], "episode_rewards": [34.13544473412645], "episode_types": ["t"]}