{"initial_reset_timestamp": 1591618806.9144404, "timestamps": [1591618811.1112642], "episode_lengths": [200], "episode_rewards": [200.0], "episode_types": ["t"]}