{"initial_reset_timestamp": 1590922556.5815609, "timestamps": [1590922561.4492445], "episode_lengths": [200], "episode_rewards": [200.0], "episode_types": ["t"]}