{"initial_reset_timestamp": 1590921918.206217, "timestamps": [1590921921.330999], "episode_lengths": [131], "episode_rewards": [18.287301716903826], "episode_types": ["t"]}