{"initial_reset_timestamp": 1591624203.8172352, "timestamps": [1591624205.5695717], "episode_lengths": [76], "episode_rewards": [-75.0], "episode_types": ["t"]}