{"initial_reset_timestamp": 1589793222.6154172, "timestamps": [1589793223.4288287], "episode_lengths": [83], "episode_rewards": [-82.0], "episode_types": ["t"]}