{"initial_reset_timestamp": 1590922567.507132, "timestamps": [1590922571.7390652], "episode_lengths": [200], "episode_rewards": [200.0], "episode_types": ["t"]}