{"initial_reset_timestamp": 1589793220.9105241, "timestamps": [1589793222.5173965], "episode_lengths": [181], "episode_rewards": [-180.0], "episode_types": ["t"]}