{"initial_reset_timestamp": 1591624125.2380695, "timestamps": [1591624136.6034532], "episode_lengths": [500], "episode_rewards": [-500.0], "episode_types": ["t"]}