{"initial_reset_timestamp": 1590922402.3363798, "timestamps": [1590922403.8553443], "episode_lengths": [72], "episode_rewards": [-71.0], "episode_types": ["t"]}