{"initial_reset_timestamp": 1591624136.8537855, "timestamps": [1591624148.8445957], "episode_lengths": [500], "episode_rewards": [-500.0], "episode_types": ["t"]}