{"initial_reset_timestamp": 1591624697.5326605, "timestamps": [1591624716.779709], "episode_lengths": [1000], "episode_rewards": [-19.43609892982204], "episode_types": ["t"]}