{"initial_reset_timestamp": 1590922443.1411407, "timestamps": [1590922445.7476547], "episode_lengths": [139], "episode_rewards": [-138.0], "episode_types": ["t"]}