{"initial_reset_timestamp": 1589824694.933103, "timestamps": [1589824697.939016], "episode_lengths": [288], "episode_rewards": [220.9209415394725], "episode_types": ["t"]}