{"initial_reset_timestamp": 1589824741.1345408, "timestamps": [1589824742.811579], "episode_lengths": [154], "episode_rewards": [-76.12452031884973], "episode_types": ["t"]}