{"initial_reset_timestamp": 1591625187.4398503, "timestamps": [1591625201.0708623], "episode_lengths": [541], "episode_rewards": [211.1758680912817], "episode_types": ["t"]}