{"initial_reset_timestamp": 1590921906.325875, "timestamps": [1590921917.0355718], "episode_lengths": [580], "episode_rewards": [-267.24610114536046], "episode_types": ["t"]}