{"initial_reset_timestamp": 1589793164.5986912, "timestamps": [1589793166.1392865], "episode_lengths": [200], "episode_rewards": [200.0], "episode_types": ["t"]}