{"initial_reset_timestamp": 1589793223.5092573, "timestamps": [1589793224.4844732], "episode_lengths": [104], "episode_rewards": [-103.0], "episode_types": ["t"]}