{"initial_reset_timestamp": 1591624669.563482, "timestamps": [1591624671.7457402], "episode_lengths": [67], "episode_rewards": [-79.78414508257006], "episode_types": ["t"]}